date,number,word
2021-06-19,Day 0,CIGAR
2021-06-20,Day 1,REBUT
2021-06-21,Day 2,SISSY
2021-06-22,Day 3,HUMPH
2021-06-23,Day 4,AWAKE
2021-06-24,Day 5,BLUSH
2021-06-25,Day 6,FOCAL
2021-06-26,Day 7,EVADE
2021-06-27,Day 8,NAVAL
2021-06-28,Day 9,SERVE
2021-06-29,Day 10,HEATH
2021-06-30,Day 11,DWARF
2021-07-01,Day 12,MODEL
2021-07-02,Day 13,KARMA
2021-07-03,Day 14,STINK
2021-07-04,Day 15,GRADE
2021-07-05,Day 16,QUIET
2021-07-06,Day 17,BENCH
2021-07-07,Day 18,ABATE
2021-07-08,Day 19,FEIGN
2021-07-09,Day 20,MAJOR
2021-07-10,Day 21,DEATH
2021-07-11,Day 22,FRESH
2021-07-12,Day 23,CRUST
2021-07-13,Day 24,STOOL
2021-07-14,Day 25,COLON
2021-07-15,Day 26,ABASE
2021-07-16,Day 27,MARRY
2021-07-17,Day 28,REACT
2021-07-18,Day 29,BATTY
2021-07-19,Day 30,PRIDE
2021-07-20,Day 31,FLOSS
2021-07-21,Day 32,HELIX
2021-07-22,Day 33,CROAK
2021-07-23,Day 34,STAFF
2021-07-24,Day 35,PAPER
2021-07-25,Day 36,UNFED
2021-07-26,Day 37,WHELP
2021-07-27,Day 38,TRAWL
2021-07-28,Day 39,OUTDO
2021-07-29,Day 40,ADOBE
2021-07-30,Day 41,CRAZY
2021-07-31,Day 42,SOWER
2021-08-01,Day 43,REPAY
2021-08-02,Day 44,DIGIT
2021-08-03,Day 45,CRATE
2021-08-04,Day 46,CLUCK
2021-08-05,Day 47,SPIKE
2021-08-06,Day 48,MIMIC
2021-08-07,Day 49,POUND
2021-08-08,Day 50,MAXIM
2021-08-09,Day 51,LINEN
2021-08-10,Day 52,UNMET
2021-08-11,Day 53,FLESH
2021-08-12,Day 54,BOOBY
2021-08-13,Day 55,FORTH
2021-08-14,Day 56,FIRST
2021-08-15,Day 57,STAND
2021-08-16,Day 58,BELLY
2021-08-17,Day 59,IVORY
2021-08-18,Day 60,SEEDY
2021-08-19,Day 61,PRINT
2021-08-20,Day 62,YEARN
2021-08-21,Day 63,DRAIN
2021-08-22,Day 64,BRIBE
2021-08-23,Day 65,STOUT
2021-08-24,Day 66,PANEL
2021-08-25,Day 67,CRASS
2021-08-26,Day 68,FLUME
2021-08-27,Day 69,OFFAL
2021-08-28,Day 70,AGREE
2021-08-29,Day 71,ERROR
2021-08-30,Day 72,SWIRL
2021-08-31,Day 73,ARGUE
2021-09-01,Day 74,BLEED
2021-09-02,Day 75,DELTA
2021-09-03,Day 76,FLICK
2021-09-04,Day 77,TOTEM
2021-09-05,Day 78,WOOER
2021-09-06,Day 79,FRONT
2021-09-07,Day 80,SHRUB
2021-09-08,Day 81,PARRY
2021-09-09,Day 82,BIOME
2021-09-10,Day 83,LAPEL
2021-09-11,Day 84,START
2021-09-12,Day 85,GREET
2021-09-13,Day 86,GONER
2021-09-14,Day 87,GOLEM
2021-09-15,Day 88,LUSTY
2021-09-16,Day 89,LOOPY
2021-09-17,Day 90,ROUND
2021-09-18,Day 91,AUDIT
2021-09-19,Day 92,LYING
2021-09-20,Day 93,GAMMA
2021-09-21,Day 94,LABOR
2021-09-22,Day 95,ISLET
2021-09-23,Day 96,CIVIC
2021-09-24,Day 97,FORGE
2021-09-25,Day 98,CORNY
2021-09-26,Day 99,MOULT
2021-09-27,Day 100,BASIC
2021-09-28,Day 101,SALAD
2021-09-29,Day 102,AGATE
2021-09-30,Day 103,SPICY
2021-10-01,Day 104,SPRAY
2021-10-02,Day 105,ESSAY
2021-10-03,Day 106,FJORD
2021-10-04,Day 107,SPEND
2021-10-05,Day 108,KEBAB
2021-10-06,Day 109,GUILD
2021-10-07,Day 110,ABACK
2021-10-08,Day 111,MOTOR
2021-10-09,Day 112,ALONE
2021-10-10,Day 113,HATCH
2021-10-11,Day 114,HYPER
2021-10-12,Day 115,THUMB
2021-10-13,Day 116,DOWRY
2021-10-14,Day 117,OUGHT
2021-10-15,Day 118,BELCH
2021-10-16,Day 119,DUTCH
2021-10-17,Day 120,PILOT
2021-10-18,Day 121,TWEED
2021-10-19,Day 122,COMET
2021-10-20,Day 123,JAUNT
2021-10-21,Day 124,ENEMA
2021-10-22,Day 125,STEED
2021-10-23,Day 126,ABYSS
2021-10-24,Day 127,GROWL
2021-10-25,Day 128,FLING
2021-10-26,Day 129,DOZEN
2021-10-27,Day 130,BOOZY
2021-10-28,Day 131,ERODE
2021-10-29,Day 132,WORLD
2021-10-30,Day 133,GOUGE
2021-10-31,Day 134,CLICK
2021-11-01,Day 135,BRIAR
2021-11-02,Day 136,GREAT
2021-11-03,Day 137,ALTAR
2021-11-04,Day 138,PULPY
2021-11-05,Day 139,BLURT
2021-11-06,Day 140,COAST
2021-11-07,Day 141,DUCHY
2021-11-08,Day 142,GROIN
2021-11-09,Day 143,FIXER
2021-11-10,Day 144,GROUP
2021-11-11,Day 145,ROGUE
2021-11-12,Day 146,BADLY
2021-11-13,Day 147,SMART
2021-11-14,Day 148,PITHY
2021-11-15,Day 149,GAUDY
2021-11-16,Day 150,CHILL
2021-11-17,Day 151,HERON
2021-11-18,Day 152,VODKA
2021-11-19,Day 153,FINER
2021-11-20,Day 154,SURER
2021-11-21,Day 155,RADIO
2021-11-22,Day 156,ROUGE
2021-11-23,Day 157,PERCH
2021-11-24,Day 158,RETCH
2021-11-25,Day 159,WROTE
2021-11-26,Day 160,CLOCK
2021-11-27,Day 161,TILDE
2021-11-28,Day 162,STORE
2021-11-29,Day 163,PROVE
2021-11-30,Day 164,BRING
2021-12-01,Day 165,SOLVE
2021-12-02,Day 166,CHEAT
2021-12-03,Day 167,GRIME
2021-12-04,Day 168,EXULT
2021-12-05,Day 169,USHER
2021-12-06,Day 170,EPOCH
2021-12-07,Day 171,TRIAD
2021-12-08,Day 172,BREAK
2021-12-09,Day 173,RHINO
2021-12-10,Day 174,VIRAL
2021-12-11,Day 175,CONIC
2021-12-12,Day 176,MASSE
2021-12-13,Day 177,SONIC
2021-12-14,Day 178,VITAL
2021-12-15,Day 179,TRACE
2021-12-16,Day 180,USING
2021-12-17,Day 181,PEACH
2021-12-18,Day 182,CHAMP
2021-12-19,Day 183,BATON
2021-12-20,Day 184,BRAKE
2021-12-21,Day 185,PLUCK
2021-12-22,Day 186,CRAZE
2021-12-23,Day 187,GRIPE
2021-12-24,Day 188,WEARY
2021-12-25,Day 189,PICKY
2021-12-26,Day 190,ACUTE
2021-12-27,Day 191,FERRY
2021-12-28,Day 192,ASIDE
2021-12-29,Day 193,TAPIR
2021-12-30,Day 194,TROLL
2021-12-31,Day 195,UNIFY
2022-01-01,Day 196,REBUS
2022-01-02,Day 197,BOOST
2022-01-03,Day 198,TRUSS
2022-01-04,Day 199,SIEGE
2022-01-05,Day 200,TIGER
2022-01-06,Day 201,BANAL
2022-01-07,Day 202,SLUMP
2022-01-08,Day 203,CRANK
2022-01-09,Day 204,GORGE
2022-01-10,Day 205,QUERY
2022-01-11,Day 206,DRINK
2022-01-12,Day 207,FAVOR
2022-01-13,Day 208,ABBEY
2022-01-14,Day 209,TANGY
2022-01-15,Day 210,PANIC
2022-01-16,Day 211,SOLAR
2022-01-17,Day 212,SHIRE
2022-01-18,Day 213,PROXY
2022-01-19,Day 214,POINT
2022-01-20,Day 215,ROBOT
2022-01-21,Day 216,PRICK
2022-01-22,Day 217,WINCE
2022-01-23,Day 218,CRIMP
2022-01-24,Day 219,KNOLL
2022-01-25,Day 220,SUGAR
2022-01-26,Day 221,WHACK
2022-01-27,Day 222,MOUNT
2022-01-28,Day 223,PERKY
2022-01-29,Day 224,COULD
2022-01-30,Day 225,WRUNG
2022-01-31,Day 226,LIGHT
2022-02-01,Day 227,THOSE
2022-02-02,Day 228,MOIST
2022-02-03,Day 229,SHARD
2022-02-04,Day 230,PLEAT
2022-02-05,Day 231,ALOFT
2022-02-06,Day 232,SKILL
2022-02-07,Day 233,ELDER
2022-02-08,Day 234,FRAME
2022-02-09,Day 235,HUMOR
2022-02-10,Day 236,PAUSE
2022-02-11,Day 237,ULCER
2022-02-12,Day 238,ULTRA
2022-02-13,Day 239,ROBIN
2022-02-14,Day 240,CYNIC
2022-02-15,Day 241a,AGORA
2022-02-15,Day 241b,AROMA
2022-02-16,Day 242,CAULK
2022-02-17,Day 243,SHAKE
2022-02-18,Day 244,DODGE
2022-02-19,Day 245,SWILL
2022-02-20,Day 246,TACIT
2022-02-21,Day 247,OTHER
2022-02-22,Day 248,THORN
2022-02-23,Day 249,TROVE
2022-02-24,Day 250,BLOKE
2022-02-25,Day 251,VIVID
2022-02-26,Day 252,SPILL
2022-02-27,Day 253,CHANT
2022-02-28,Day 254,CHOKE
2022-03-01,Day 255,RUPEE
2022-03-02,Day 256,NASTY
2022-03-03,Day 257,MOURN
2022-03-04,Day 258,AHEAD
2022-03-05,Day 259,BRINE
2022-03-06,Day 260,CLOTH
2022-03-07,Day 261,HOARD
2022-03-08,Day 262,SWEET
2022-03-09,Day 263,MONTH
2022-03-10,Day 264,LAPSE
2022-03-11,Day 265,WATCH
2022-03-12,Day 266,TODAY
2022-03-13,Day 267,FOCUS
2022-03-14,Day 268,SMELT
2022-03-15,Day 269,TEASE
2022-03-16,Day 270,CATER
2022-03-17,Day 271,MOVIE
2022-03-18,Day 272,SAUTE
2022-03-19,Day 273,ALLOW
2022-03-20,Day 274,RENEW
2022-03-21,Day 275,SLOSH
2022-03-22,Day 276,THEIR
2022-03-23,Day 277,PURGE
2022-03-24,Day 278,CHEST
2022-03-25,Day 279,DEPOT
2022-03-26,Day 280,EPOXY
2022-03-27,Day 281,NYMPH
2022-03-28,Day 282,FOUND
2022-03-29,Day 283,SHALL
2022-03-30,Day 284a,HARRY
2022-03-30,Day 284b,STOVE
2022-03-31,Day 285,LOWLY
2022-04-01,Day 286,SNOUT
2022-04-02,Day 287,TROPE
2022-04-03,Day 288,FEWER
2022-04-04,Day 289,SHAWL
2022-04-05,Day 290,NATAL
2022-04-06,Day 291,COMMA
2022-04-07,Day 292,FORAY
2022-04-08,Day 293,SCARE
2022-04-09,Day 294,STAIR
2022-04-10,Day 295,BLACK
2022-04-11,Day 296,SQUAD
2022-04-12,Day 297,ROYAL
2022-04-13,Day 298,CHUNK
2022-04-14,Day 299,MINCE
2022-04-15,Day 300,SHAME
2022-04-16,Day 301,CHEEK
2022-04-17,Day 302,AMPLE
2022-04-18,Day 303,FLAIR
2022-04-19,Day 304,FOYER
2022-04-20,Day 305,CARGO
2022-04-21,Day 306,OXIDE
2022-04-22,Day 307,PLANT
2022-04-23,Day 308,OLIVE
2022-04-24,Day 309,INERT
2022-04-25,Day 310,ASKEW
2022-04-26,Day 311,HEIST
2022-04-27,Day 312,SHOWN
2022-04-28,Day 313,ZESTY
2022-04-29,Day 314,TRASH
2022-04-30,Day 315,LARVA
2022-05-01,Day 316,FORGO
2022-05-02,Day 317,STORY
2022-05-03,Day 318,HAIRY
2022-05-04,Day 319,TRAIN
2022-05-05,Day 320,HOMER
2022-05-06,Day 321,BADGE
2022-05-07,Day 322,MIDST
2022-05-08,Day 323,CANNY
2022-05-09,Day 324a,FETUS
2022-05-09,Day 324b,SHINE
2022-05-10,Day 325a,BUTCH
2022-05-10,Day 325b,GECKO
2022-05-11,Day 326,FARCE
2022-05-12,Day 327,SLUNG
2022-05-13,Day 328,TIPSY
2022-05-14,Day 329,METAL
2022-05-15,Day 330,YIELD
2022-05-16,Day 331,DELVE
2022-05-17,Day 332,BEING
2022-05-18,Day 333,SCOUR
2022-05-19,Day 334,GLASS
2022-05-20,Day 335,GAMER
2022-05-21,Day 336,SCRAP
2022-05-22,Day 337,MONEY
2022-05-23,Day 338,HINGE
2022-05-24,Day 339,ALBUM
2022-05-25,Day 340,VOUCH
2022-05-26,Day 341,ASSET
2022-05-27,Day 342,TIARA
2022-05-28,Day 343,CREPT
2022-05-29,Day 344,BAYOU
2022-05-30,Day 345,ATOLL
2022-05-31,Day 346,MANOR
2022-06-01,Day 347,CREAK
2022-06-02,Day 348,SHOWY
2022-06-03,Day 349,PHASE
2022-06-04,Day 350,FROTH
2022-06-05,Day 351,DEPTH
2022-06-06,Day 352,GLOOM
2022-06-07,Day 353,FLOOD
2022-06-08,Day 354,TRAIT
2022-06-09,Day 355,GIRTH
2022-06-10,Day 356,PIETY
2022-06-11,Day 357,GOOSE
2022-06-12,Day 358,FLOAT
2022-06-13,Day 359,DONOR
2022-06-14,Day 360,ATONE
2022-06-15,Day 361,PRIMO
2022-06-16,Day 362,APRON
2022-06-17,Day 363,BLOWN
2022-06-18,Day 364,CACAO
2022-06-19,Day 365,LOSER
2022-06-20,Day 366,INPUT
2022-06-21,Day 367,GLOAT
2022-06-22,Day 368,AWFUL
2022-06-23,Day 369,BRINK
2022-06-24,Day 370,SMITE
2022-06-25,Day 371,BEADY
2022-06-26,Day 372,RUSTY
2022-06-27,Day 373,RETRO
2022-06-28,Day 374,DROLL
2022-06-29,Day 375,GAWKY
2022-06-30,Day 376,HUTCH
2022-07-01,Day 377,PINTO
2022-07-02,Day 378,EGRET
2022-07-03,Day 379,LILAC
2022-07-04,Day 380,SEVER
2022-07-05,Day 381,FIELD
2022-07-06,Day 382,FLUFF
2022-07-07,Day 383,AGAPE
2022-07-08,Day 384,VOICE
2022-07-09,Day 385,STEAD
2022-07-10,Day 386,BERTH
2022-07-11,Day 387,MADAM
2022-07-12,Day 388,NIGHT
2022-07-13,Day 389,BLAND
2022-07-14,Day 390,LIVER
2022-07-15,Day 391,WEDGE
2022-07-16,Day 392,ROOMY
2022-07-17,Day 393,WACKY
2022-07-18,Day 394,FLOCK
2022-07-19,Day 395,ANGRY
2022-07-20,Day 396,TRITE
2022-07-21,Day 397,APHID
2022-07-22,Day 398,TRYST
2022-07-23,Day 399,MIDGE
2022-07-24,Day 400,POWER
2022-07-25,Day 401,ELOPE
2022-07-26,Day 402,CINCH
2022-07-27,Day 403,MOTTO
2022-07-28,Day 404,STOMP
2022-07-29,Day 405,UPSET
2022-07-30,Day 406,BLUFF
2022-07-31,Day 407,CRAMP
2022-08-01,Day 408,QUART
2022-08-02,Day 409,COYLY
2022-08-03,Day 410,YOUTH
2022-08-04,Day 411,RHYME
2022-08-05,Day 412,BUGGY
2022-08-06,Day 413,ALIEN
2022-08-07,Day 414,SMEAR
2022-08-08,Day 415,UNFIT
2022-08-09,Day 416,PATTY
2022-08-10,Day 417,CLING
2022-08-11,Day 418,GLEAN
2022-08-12,Day 419,LABEL
2022-08-13,Day 420,HUNKY
2022-08-14,Day 421,KHAKI
2022-08-15,Day 422,POKER
2022-08-16,Day 423,GRUEL
2022-08-17,Day 424,TWICE
2022-08-18,Day 425,TWANG
2022-08-19,Day 426,SHRUG
2022-08-20,Day 427,TREAT
2022-08-21,Day 428,WASTE
2022-08-22,Day 429,MERIT
2022-08-23,Day 430,WOVEN
2022-08-24,Day 431,NEEDY
2022-08-25,Day 432,CLOWN
2022-08-26,Day 433,IRONY
2022-08-27,Day 434,RUDER
2022-08-28,Day 435,GAUZE
2022-08-29,Day 436,CHIEF
2022-08-30,Day 437,ONSET
2022-08-31,Day 438,PRIZE
2022-09-01,Day 439,FUNGI
2022-09-02,Day 440,CHARM
2022-09-03,Day 441,GULLY
2022-09-04,Day 442,INTER
2022-09-05,Day 443,WHOOP
2022-09-06,Day 444,TAUNT
2022-09-07,Day 445,LEERY
2022-09-08,Day 446,CLASS
2022-09-09,Day 447,THEME
2022-09-10,Day 448,LOFTY
2022-09-11,Day 449,TIBIA
2022-09-12,Day 450,BOOZE
2022-09-13,Day 451,ALPHA
2022-09-14,Day 452,THYME
2022-09-15,Day 453,DOUBT
2022-09-16,Day 454,PARER
2022-09-17,Day 455,CHUTE
2022-09-18,Day 456,STICK
2022-09-19,Day 457,TRICE
2022-09-20,Day 458,ALIKE
2022-09-21,Day 459,RECAP
2022-09-22,Day 460,SAINT
2022-09-23,Day 461,GLORY
2022-09-24,Day 462,GRATE
2022-09-25,Day 463,ADMIT
2022-09-26,Day 464,BRISK
2022-09-27,Day 465,SOGGY
2022-09-28,Day 466,USURP
2022-09-29,Day 467,SCALD
2022-09-30,Day 468,SCORN
2022-10-01,Day 469,LEAVE
2022-10-02,Day 470,TWINE
2022-10-03,Day 471,STING
2022-10-04,Day 472,BOUGH
2022-10-05,Day 473,MARSH
2022-10-06,Day 474,SLOTH
2022-10-07,Day 475,DANDY
2022-10-08,Day 476,VIGOR
2022-10-09,Day 477,HOWDY
2022-10-10,Day 478,ENJOY
2022-10-11,Day 479,VALID
2022-10-12,Day 480,IONIC
2022-10-13,Day 481,EQUAL
2022-10-14,Day 482,FLOOR
2022-10-15,Day 483,CATCH
2022-10-16,Day 484,SPADE
2022-10-17,Day 485,STEIN
2022-10-18,Day 486,EXIST
2022-10-19,Day 487,QUIRK
2022-10-20,Day 488,DENIM
2022-10-21,Day 489,GROVE
2022-10-22,Day 490,SPIEL
2022-10-23,Day 491,MUMMY
2022-10-24,Day 492,FAULT
2022-10-25,Day 493,FOGGY
2022-10-26,Day 494,FLOUT
2022-10-27,Day 495,CARRY
2022-10-28,Day 496,SNEAK
2022-10-29,Day 497,LIBEL
2022-10-30,Day 498,WALTZ
2022-10-31,Day 499,APTLY
2022-11-01,Day 500,PINEY
2022-11-02,Day 501,INEPT
2022-11-03,Day 502,ALOUD
2022-11-04,Day 503,PHOTO
2022-11-05,Day 504,DREAM
2022-11-06,Day 505,STALE
2022-11-07,Day 506,BEGIN
2022-11-08,Day 507,SPELL
2022-11-09,Day 508,RAINY
2022-11-10,Day 509,UNITE
2022-11-11,Day 510,MEDAL
2022-11-12,Day 511,VALET
2022-11-13,Day 512,INANE
2022-11-14,Day 513,MAPLE
2022-11-15,Day 514,SNARL
2022-11-16,Day 515,BAKER
2022-11-17,Day 516,THERE
2022-11-18,Day 517,GLYPH
2022-11-19,Day 518,AVERT
2022-11-20,Day 519,BRAVE
2022-11-21,Day 520,AXIOM
2022-11-22,Day 521,PRIME
2022-11-23,Day 522,DRIVE
2022-11-24,Day 523,FEAST
2022-11-25,Day 524,ITCHY
2022-11-26,Day 525,CLEAN
2022-11-27,Day 526,HAPPY
2022-11-28,Day 527,TEPID
2022-11-29,Day 528,UNDUE
2022-11-30,Day 529,STUDY
2022-12-01,Day 530,EJECT
2022-12-02,Day 531,CHAFE
2022-12-03,Day 532,TORSO
2022-12-04,Day 533,ADORE
2022-12-05,Day 534,WOKEN
2022-12-06,Day 535,AMBER
2022-12-07,Day 536,JOUST
2022-12-08,Day 537,INFER
2022-12-09,Day 538,BRAID
2022-12-10,Day 539,KNOCK
2022-12-11,Day 540,NAIVE
2022-12-12,Day 541,APPLY
2022-12-13,Day 542,SPOKE
2022-12-14,Day 543,USUAL
2022-12-15,Day 544,RIVAL
2022-12-16,Day 545,PROBE
2022-12-17,Day 546,CHORD
2022-12-18,Day 547,TAPER
2022-12-19,Day 548,SLATE
2022-12-20,Day 549,THIRD
2022-12-21,Day 550,LUNAR
2022-12-22,Day 551,EXCEL
2022-12-23,Day 552,AORTA
2022-12-24,Day 553,POISE
2022-12-25,Day 554,EXTRA
2022-12-26,Day 555,JUDGE
2022-12-27,Day 556,CONDO
2022-12-28,Day 557,IMPEL
2022-12-29,Day 558,HAVOC
2022-12-30,Day 559,MOLAR
2022-12-31,Day 560,MANLY
2023-01-01,Day 561,WHINE
2023-01-02,Day 562,SKIRT
2023-01-03,Day 563,ANTIC
2023-01-04,Day 564,LAYER
2023-01-05,Day 565,SLEEK
2023-01-06,Day 566,BELIE
2023-01-07,Day 567,LEMON
2023-01-08,Day 568,OPERA
2023-01-09,Day 569,PIXIE
2023-01-10,Day 570,GRIMY
2023-01-11,Day 571,SEDAN
2023-01-12,Day 572,LEAPT
2023-01-13,Day 573,HUMAN
2023-01-14,Day 574,KOALA
2023-01-15,Day 575,SPIRE
2023-01-16,Day 576,FROCK
2023-01-17,Day 577,ADOPT
2023-01-18,Day 578,CHARD
2023-01-19,Day 579,MUCKY
2023-01-20,Day 580,ALTER
2023-01-21,Day 581,BLURB
2023-01-22,Day 582,MATEY
2023-01-23,Day 583,ELUDE
2023-01-24,Day 584,COUNT
2023-01-25,Day 585,MAIZE
2023-01-26,Day 586,BEEFY
2023-01-27,Day 587,WORRY
2023-01-28,Day 588,FLIRT
2023-01-29,Day 589,FISHY
2023-01-30,Day 590,CRAVE
2023-01-31,Day 591,CROSS
2023-02-01,Day 592,SCOLD
2023-02-02,Day 593,SHIRK
2023-02-03,Day 594,TASTY
2023-02-04,Day 595,UNLIT
2023-02-05,Day 596,DANCE
2023-02-06,Day 597,NINTH
2023-02-07,Day 598,APPLE
2023-02-08,Day 599,FLAIL
2023-02-09,Day 600,STAGE
2023-02-10,Day 601,HEADY
2023-02-11,Day 602,DEBUG
2023-02-12,Day 603,GIANT
2023-02-13,Day 604,USAGE
2023-02-14,Day 605,SOUND
2023-02-15,Day 606,SALSA
2023-02-16,Day 607,MAGIC
2023-02-17,Day 608,CACHE
2023-02-18,Day 609,AVAIL
2023-02-19,Day 610,KIOSK
2023-02-20,Day 611,SWEAT
2023-02-21,Day 612,RUDDY
2023-02-22,Day 613,RIPER
2023-02-23,Day 614,VAGUE
2023-02-24,Day 615,ARBOR
2023-02-25,Day 616,FIFTY
2023-02-26,Day 617,SYRUP
2023-02-27,Day 618,WORSE
2023-02-28,Day 619,POLKA
2023-03-01,Day 620,MOOSE
2023-03-02,Day 621,ABOVE
2023-03-03,Day 622,SQUAT
2023-03-04,Day 623,TREND
2023-03-05,Day 624,TOXIC
2023-03-06,Day 625,PINKY
2023-03-07,Day 626,HORSE
2023-03-08,Day 627,REGAL
2023-03-09,Day 628,WHERE
2023-03-10,Day 629,REVEL
2023-03-11,Day 630,EMAIL
2023-03-12,Day 631,BIRTH
2023-03-13,Day 632,BLAME
2023-03-14,Day 633,SURLY
2023-03-15,Day 634,SWEEP
2023-03-16,Day 635,CIDER
2023-03-17,Day 636,MEALY
2023-03-18,Day 637,YACHT
2023-03-19,Day 638,CREDO
2023-03-20,Day 639,GLOVE
2023-03-21,Day 640,TOUGH
2023-03-22,Day 641,DUVET
2023-03-23,Day 642,STAID
2023-03-24,Day 643,GROUT
2023-03-25,Day 644,VOTER
2023-03-26,Day 645,UNTIE
2023-03-27,Day 646,GUANO
2023-03-28,Day 647,HURRY
2023-03-29,Day 648,BESET
2023-03-30,Day 649,BREAD
2023-03-31,Day 650,EVERY
2023-04-01,Day 651,MARCH
2023-04-02,Day 652,STOCK
2023-04-03,Day 653,FLORA
2023-04-04,Day 654,RATIO
2023-04-05,Day 655,SMASH
2023-04-06,Day 656,LEAFY
2023-04-07,Day 657,LOCUS
2023-04-08,Day 658,LEDGE
2023-04-09,Day 659,SNAFU
2023-04-10,Day 660,UNDER
2023-04-11,Day 661,QUALM
2023-04-12,Day 662,BORAX
2023-04-13,Day 663,CARAT
2023-04-14,Day 664,THIEF
2023-04-15,Day 665,AGONY
2023-04-16,Day 666,DWELT
2023-04-17,Day 667,WHIFF
2023-04-18,Day 668,HOUND
2023-04-19,Day 669,THUMP
2023-04-20,Day 670,PLATE
2023-04-21,Day 671,KAYAK
2023-04-22,Day 672,BROKE
2023-04-23,Day 673,UNZIP
2023-04-24,Day 674,DITTO
2023-04-25,Day 675,JOKER
2023-04-26,Day 676,METRO
2023-04-27,Day 677,LOGIC
2023-04-28,Day 678,CIRCA
2023-04-29,Day 679,CEDAR
2023-04-30,Day 680,PLAZA
2023-05-01,Day 681,RANGE
2023-05-02,Day 682,SULKY
2023-05-03,Day 683,HORDE
2023-05-04,Day 684,GUPPY
2023-05-05,Day 685,BELOW
2023-05-06,Day 686,ANGER
2023-05-07,Day 687,GHOUL
2023-05-08,Day 688,AGLOW
2023-05-09,Day 689,COCOA
2023-05-10,Day 690,ETHIC
2023-05-11,Day 691,BROOM
2023-05-12,Day 692,SNACK
2023-05-13,Day 693,ACRID
2023-05-14,Day 694,SCARF
2023-05-15,Day 695,CANOE
2023-05-16,Day 696,LATTE
2023-05-17,Day 697,PLANK
2023-05-18,Day 698,SHORN
2023-05-19,Day 699,GRIEF
2023-05-20,Day 700,FLASK
2023-05-21,Day 701,BRASH
2023-05-22,Day 702,IGLOO
2023-05-23,Day 703,CLERK
2023-05-24,Day 704,UTTER
2023-05-25,Day 705,BAGEL
2023-05-26,Day 706,SWINE
2023-05-27,Day 707,RAMEN
2023-05-28,Day 708,SKIMP
2023-05-29,Day 709,MOUSE
2023-05-30,Day 710,KNEEL
2023-05-31,Day 711,AGILE
2023-06-01,Day 712,JAZZY
2023-06-02,Day 713,HUMID
2023-06-03,Day 714,NANNY
2023-06-04,Day 715,BEAST
2023-06-05,Day 716,ENNUI
2023-06-06,Day 717,SCOUT
2023-06-07,Day 718,HATER
2023-06-08,Day 719,CRUMB
2023-06-09,Day 720,BALSA
2023-06-10,Day 721,AGAIN
2023-06-11,Day 722,GUARD
2023-06-12,Day 723,WRONG
2023-06-13,Day 724,PLUNK
2023-06-14,Day 725,CRIME
2023-06-15,Day 726,MAYBE
2023-06-16,Day 727,STRAP
2023-06-17,Day 728,RANCH
2023-06-18,Day 729,SHYLY
2023-06-19,Day 730,KAZOO
2023-06-20,Day 731,FROST
2023-06-21,Day 732,CRANE
2023-06-22,Day 733,TASTE
2023-06-23,Day 734,COVET
2023-06-24,Day 735,GRAND
2023-06-25,Day 736,RODEO
2023-06-26,Day 737,GUEST
2023-06-27,Day 738,ABOUT
2023-06-28,Day 739,TRACT
2023-06-29,Day 740,DINER
2023-06-30,Day 741,STRAW
2023-07-01,Day 742,BLEEP
2023-07-02,Day 743,MOSSY
2023-07-03,Day 744,HOTEL
2023-07-04,Day 745,IRATE
2023-07-05,Day 746,VENOM
2023-07-06,Day 747,WINDY
2023-07-07,Day 748,DONUT
2023-07-08,Day 749,COWER
2023-07-09,Day 750,ENTER
2023-07-10,Day 751,FOLLY
2023-07-11,Day 752,EARTH
2023-07-12,Day 753,WHIRL
2023-07-13,Day 754,BARGE
2023-07-14,Day 755,FIEND
2023-07-15,Day 756,CRONE
2023-07-16,Day 757,TOPAZ
2023-07-17,Day 758,DROOP
2023-07-18,Day 759,FLYER
2023-07-19,Day 760,TONIC
2023-07-20,Day 761,FLANK
2023-07-21,Day 762,BURLY
2023-07-22,Day 763,FROZE
2023-07-23,Day 764,WHALE
2023-07-24,Day 765,HOBBY
2023-07-25,Day 766,WHEEL
2023-07-26,Day 767,HEART
2023-07-27,Day 768,DISCO
2023-07-28,Day 769,ETHOS
2023-07-29,Day 770,CURLY
2023-07-30,Day 771,BATHE
2023-07-31,Day 772,STYLE
2023-08-01,Day 773,TENTH
2023-08-02,Day 774,BEGET
2023-08-03,Day 775,PARTY
2023-08-04,Day 776,CHART
2023-08-05,Day 777,ANODE
2023-08-06,Day 778,POLYP
2023-08-07,Day 779,BROOK
2023-08-08,Day 780,BULLY
2023-08-09,Day 781,LOVER
2023-08-10,Day 782,EMPTY
2023-08-11,Day 783,HELLO
2023-08-12,Day 784,QUICK
2023-08-13,Day 785,WRATH
2023-08-14,Day 786,SNAKY
2023-08-15,Day 787,INDEX
2023-08-16,Day 788,SCRUB
2023-08-17,Day 789,AMISS
2023-08-18,Day 790,EXACT
2023-08-19,Day 791,MAGMA
2023-08-20,Day 792,QUEST
2023-08-21,Day 793,BEACH
2023-08-22,Day 794,SPICE
2023-08-23,Day 795,VERVE
2023-08-24,Day 796,WORDY
2023-08-25,Day 797,OCEAN
2023-08-26,Day 798,CHOIR
2023-08-27,Day 799,PEACE
2023-08-28,Day 800,WRITE
2023-08-29,Day 801,CAPER
2023-08-30,Day 802,AUDIO
2023-08-31,Day 803,BRIDE
2023-09-01,Day 804,SPACE
2023-09-02,Day 805,ONION
2023-09-03,Day 806,AWAIT
2023-09-04,Day 807,GIDDY
2023-09-05,Day 808,BIRCH
2023-09-06,Day 809,GNASH
2023-09-07,Day 810,DWELL
2023-09-08,Day 811,ROUSE
2023-09-09,Day 812,LUCKY
2023-09-10,Day 813,QUOTE
2023-09-11,Day 814,OLDER
2023-09-12,Day 815,WHISK
2023-09-13,Day 816,CLEAR
2023-09-14,Day 817,RAYON
2023-09-15,Day 818,EXERT
2023-09-16,Day 819,ANGEL
2023-09-17,Day 820,MUSIC
2023-09-18,Day 821,FRANK
2023-09-19,Day 822,CLOSE
2023-09-20,Day 823,SNARE
2023-09-21,Day 824,STONE
2023-09-22,Day 825,BRUSH
2023-09-23,Day 826,CAROL
2023-09-24,Day 827,RIGHT
2023-09-25,Day 828,ROCKY
2023-09-26,Day 829,LOYAL
2023-09-27,Day 830,SMILE
2023-09-28,Day 831,COACH
2023-09-29,Day 832,AZURE
2023-09-30,Day 833,DADDY
2023-10-01,Day 834,BERET
2023-10-02,Day 835,MERRY
2023-10-03,Day 836,WHILE
2023-10-04,Day 837,SPURT
2023-10-05,Day 838,BUNCH
2023-10-06,Day 839,CHIME
2023-10-07,Day 840,VIOLA
2023-10-08,Day 841,BINGE
2023-10-09,Day 842,TRUTH
2023-10-10,Day 843,SNAIL
2023-10-11,Day 844,SKUNK
2023-10-12,Day 845,KNELT
2023-10-13,Day 846,UNCLE
2023-10-14,Day 847,AGENT
2023-10-15,Day 848,LEAKY
2023-10-16,Day 849,GRAPH
2023-10-17,Day 850,ADULT
2023-10-18,Day 851,MERCY
2023-10-19,Day 852,SPLAT
2023-10-20,Day 853,OCCUR
2023-10-21,Day 854,SMIRK
2023-10-22,Day 855,GIVEN
2023-10-23,Day 856,TEMPO
2023-10-24,Day 857,CAUSE
2023-10-25,Day 858,RETRY
2023-10-26,Day 859,PIQUE
2023-10-27,Day 860,NOBLE
2023-10-28,Day 861,MASON
2023-10-29,Day 862,PHONY
2023-10-30,Day 863,GRAIL
2023-10-31,Day 864,BLEAK
2023-11-01,Day 865,NOISE
2023-11-02,Day 866,UNTIL
2023-11-03,Day 867,ARDOR
2023-11-04,Day 868,MANIA
2023-11-05,Day 869,FLARE
2023-11-06,Day 870,TRADE
2023-11-07,Day 871,LIMIT
2023-11-08,Day 872,NINJA
2023-11-09,Day 873,GLAZE
2023-11-10,Day 874,LEASH
2023-11-11,Day 875,ACTOR
2023-11-12,Day 876,MEANT
2023-11-13,Day 877,GREEN
2023-11-14,Day 878,SASSY
2023-11-15,Day 879,SIGHT
2023-11-16,Day 880,TRUST
2023-11-17,Day 881,TARDY
2023-11-18,Day 882,THINK
2023-11-19,Day 883,QUEUE
2023-11-20,Day 884,CANDY
2023-11-21,Day 885,PIANO
2023-11-22,Day 886,PIXEL
2023-11-23,Day 887,QUEEN
2023-11-24,Day 888,THROW
2023-11-25,Day 889,GUIDE
2023-11-26,Day 890,SOLID
2023-11-27,Day 891,TAWNY
2023-11-28,Day 892,SCOPE
2023-11-29,Day 893,SUSHI
2023-11-30,Day 894,RESIN
2023-12-01,Day 895,TAKEN
2023-12-02,Day 896,GENRE
2023-12-03,Day 897,ADAPT
2023-12-04,Day 898,WORST
2023-12-05,Day 899,YOUNG
2023-12-06,Day 900,WOMAN
2023-12-07,Day 901,SLEEP
2023-12-08,Day 902,SHARP
2023-12-09,Day 903,SHIFT
2023-12-10,Day 904,CHAIN
2023-12-11,Day 905,HOUSE
2023-12-12,Day 906,THESE
2023-12-13,Day 907,SPENT
2023-12-14,Day 908,WOULD
2023-12-15,Day 909,TOPIC
2023-12-16,Day 910,GLOBE
2023-12-17,Day 911,BACON
2023-12-18,Day 912,FUNNY
2023-12-19,Day 913,TABLE
2023-12-20,Day 914,SMALL
2023-12-21,Day 915,BUILT
2023-12-22,Day 916,TOUCH
2023-12-23,Day 917,SLOPE
2023-12-24,Day 918,GRACE
2023-12-25,Day 919,EVOKE
2023-12-26,Day 920,PHONE
2023-12-27,Day 921,DAISY
2023-12-28,Day 922,LEARN
2023-12-29,Day 923,CHILD
2023-12-30,Day 924,THREE
2023-12-31,Day 925,SALTY
2024-01-01,Day 926,MURAL
2024-01-02,Day 927,AGING
2024-01-03,Day 928,TWIRL
2024-01-04,Day 929,SCANT
2024-01-05,Day 930,LUNGE
2024-01-06,Day 931,CABLE
2024-01-07,Day 932,STONY
2024-01-08,Day 933,FINAL
2024-01-09,Day 934,LINER
2024-01-10,Day 935,THREW
2024-01-11,Day 936,BRIEF
2024-01-12,Day 937,ROUTE
2024-01-13,Day 938,HEARD
2024-01-14,Day 939,DOING
2024-01-15,Day 940,LUNCH
2024-01-16,Day 941,BLOND
2024-01-17,Day 942,COURT
2024-01-18,Day 943,STOLE
2024-01-19,Day 944,THING
2024-01-20,Day 945,LARGE
2024-01-21,Day 946,NORTH
2024-01-22,Day 947,TWEAK
2024-01-23,Day 948,STILL
2024-01-24,Day 949,RELIC
2024-01-25,Day 950,BLOCK
2024-01-26,Day 951,ALOOF
2024-01-27,Day 952,SNAKE
2024-01-28,Day 953,EMBER
2024-01-29,Day 954,LEGGY
2024-01-30,Day 955,EXPEL
2024-01-31,Day 956,BULKY
2024-02-01,Day 957,ALIVE
2024-02-02,Day 958,CLEFT
2024-02-03,Day 959,MICRO
2024-02-04,Day 960,VERGE
2024-02-05,Day 961,REPEL
2024-02-06,Day 962,WHICH
2024-02-07,Day 963,AFTER
2024-02-08,Day 964,PLACE
2024-02-09,Day 965,STIFF
2024-02-10,Day 966,FRIED
2024-02-11,Day 967,NEVER
2024-02-12,Day 968,PASTA
2024-02-13,Day 969,SCRAM
2024-02-14,Day 970,TALON
2024-02-15,Day 971,ASCOT
2024-02-16,Day 972,STASH
2024-02-17,Day 973,PSALM
2024-02-18,Day 974,RIDGE
2024-02-19,Day 975,PRICE
2024-02-20,Day 976,MATCH
2024-02-21,Day 977,BUILD
2024-02-22,Day 978,HEAVY
2024-02-23,Day 979,APART
2024-02-24,Day 980,PIPER
2024-02-25,Day 981,SMITH
2024-02-26,Day 982,OFTEN
2024-02-27,Day 983,SENSE
2024-02-28,Day 984,DEVIL
2024-02-29,Day 985,IMAGE
2024-03-01,Day 986,FORTY
2024-03-02,Day 987,URBAN
2024-03-03,Day 988,STATE
2024-03-04,Day 989,FLAME
2024-03-05,Day 990,HUNCH
2024-03-06,Day 991,TEARY
2024-03-07,Day 992,CLONE
2024-03-08,Day 993,EARLY
2024-03-09,Day 994,CHEER
2024-03-10,Day 995,GRASP
2024-03-11,Day 996,PESKY
2024-03-12,Day 997,HEAVE
2024-03-13,Day 998,LOCAL
2024-03-14,Day 999,SINCE
2024-03-15,Day 1000,ERUPT
2024-03-16,Day 1001,TOXIN
2024-03-17,Day 1002,SNORT
2024-03-18,Day 1003,SPELT
2024-03-19,Day 1004,ABIDE
2024-03-20,Day 1005,LINGO
2024-03-21,Day 1006,SHADE
2024-03-22,Day 1007,DECAY
2024-03-23,Day 1008,RISEN
2024-03-24,Day 1009,TOWEL
2024-03-25,Day 1010,SALLY
2024-03-26,Day 1011,MAYOR
2024-03-27,Day 1012,STUNG
2024-03-28,Day 1013,SPEAK
2024-03-29,Day 1014,REALM
2024-03-30,Day 1015,FORCE
2024-03-31,Day 1016,TABOO
2024-04-01,Day 1017,FROND
2024-04-02,Day 1018,SERUM
2024-04-03,Day 1019,PLAIT
2024-04-04,Day 1020,CLIMB
2024-04-05,Day 1021,WRIST
2024-04-06,Day 1022,FINCH
2024-04-07,Day 1023,VOILA
2024-04-08,Day 1024,BREED
2024-04-09,Day 1025,MERGE
2024-04-10,Day 1026,BROTH
2024-04-11,Day 1027,LOUSE
2024-04-12,Day 1028,WHINY
2024-04-13,Day 1029,STEEL
2024-04-14,Day 1030,BLIMP
2024-04-15,Day 1031,EQUIP
2024-04-16,Day 1032,SHANK
2024-04-17,Day 1033,TITHE
2024-04-18,Day 1034,FACET
2024-04-19,Day 1035,RAISE
2024-04-20,Day 1036,LUCID
2024-04-21,Day 1037,JOLLY
2024-04-22,Day 1038,LASER
2024-04-23,Day 1039,ROVER
2024-04-24,Day 1040,OVERT
2024-04-25,Day 1041,INTRO
2024-04-26,Day 1042,VAPID
2024-04-27,Day 1043,GLEAM
2024-04-28,Day 1044,PRUNE
2024-04-29,Day 1045,CRAFT
2024-04-30,Day 1046,PROWL
2024-05-01,Day 1047,DIARY
2024-05-02,Day 1048,SLICE
2024-05-03,Day 1049,EBONY
2024-05-04,Day 1050,VALUE
2024-05-05,Day 1051,DECAL
2024-05-06,Day 1052,SHAVE
2024-05-07,Day 1053,MUSTY
2024-05-08,Day 1054,PIOUS
2024-05-09,Day 1055,JERKY
2024-05-10,Day 1056,MEDIA
2024-05-11,Day 1057,TIDAL
2024-05-12,Day 1058,OUTER
2024-05-13,Day 1059,CUMIN
2024-05-14,Day 1060,AMASS
2024-05-15,Day 1061,PINCH
2024-05-16,Day 1062,STALL
2024-05-17,Day 1063,TUTOR
2024-05-18,Day 1064,BRINY
2024-05-19,Day 1065,HITCH
2024-05-20,Day 1066,NICER
2024-05-21,Day 1067,DINGO
2024-05-22,Day 1068,EXALT
2024-05-23,Day 1069,SWISH
2024-05-24,Day 1070,GLIDE
2024-05-25,Day 1071,TITAN
2024-05-26,Day 1072,BEVEL
2024-05-27,Day 1073,SKIER
2024-05-28,Day 1074,MINUS
2024-05-29,Day 1075,PAPAL
2024-05-30,Day 1076,GUMMY
2024-05-31,Day 1077,CHAOS
2024-06-01,Day 1078,BASIN
2024-06-02,Day 1079,BRAVO
2024-06-03,Day 1080,STARK
2024-06-04,Day 1081,GROOM
2024-06-05,Day 1082,ORGAN
2024-06-06,Day 1083,ETHER
2024-06-07,Day 1084,MELON
2024-06-08,Day 1085,HENCE
2024-06-09,Day 1086,CROWD
2024-06-10,Day 1087,MANGA
2024-06-11,Day 1088,SWUNG
2024-06-12,Day 1089,DETER
2024-06-13,Day 1090,ANGST
2024-06-14,Day 1091,VAULT
2024-06-15,Day 1092,PROUD
2024-06-16,Day 1093,GRIND
2024-06-17,Day 1094,PRIOR
2024-06-18,Day 1095,COVER
2024-06-19,Day 1096,TERSE
2024-06-20,Day 1097,SCENT
2024-06-21,Day 1098,PAINT
2024-06-22,Day 1099,EDICT
2024-06-23,Day 1100,BUGLE
2024-06-24,Day 1101,DOLLY
2024-06-25,Day 1102,SAVOR
2024-06-26,Day 1103,KNEAD
2024-06-27,Day 1104,ORDER
2024-06-28,Day 1105,DROVE
2024-06-29,Day 1106,ZEBRA
2024-06-30,Day 1107,BUDDY
2024-07-01,Day 1108,ADAGE
2024-07-02,Day 1109,INLAY
2024-07-03,Day 1110,THIGH
2024-07-04,Day 1111,DEBUT
2024-07-05,Day 1112,CRUSH
2024-07-06,Day 1113,SCOFF
2024-07-07,Day 1114,CANON
2024-07-08,Day 1115,SHAPE
2024-07-09,Day 1116,BLARE
2024-07-10,Day 1117,GAUNT
2024-07-11,Day 1118,CAMEO
2024-07-12,Day 1119,JIFFY
2024-07-13,Day 1120,ENACT
2024-07-14,Day 1121,VIDEO
2024-07-15,Day 1122,SWOON
2024-07-16,Day 1123,DECOY
2024-07-17,Day 1124,QUITE
2024-07-18,Day 1125,NERDY
2024-07-19,Day 1126,REFER
2024-07-20,Day 1127,SHAFT
2024-07-21,Day 1128,SPECK
2024-07-22,Day 1129,CADET
2024-07-23,Day 1130,PRONG
2024-07-24,Day 1131,FORTE
2024-07-25,Day 1132,PORCH
2024-07-26,Day 1133,AWASH
2024-07-27,Day 1134,JUICE
2024-07-28,Day 1135,SMOCK
2024-07-29,Day 1136,SUPER
2024-07-30,Day 1137,FERAL
2024-07-31,Day 1138,PENNE
2024-08-01,Day 1139,CHALK
2024-08-02,Day 1140,FLAKE
2024-08-03,Day 1141,SCALE
2024-08-04,Day 1142,LOWER
2024-08-05,Day 1143,ENSUE
2024-08-06,Day 1144,ANVIL
2024-08-07,Day 1145,MACAW
2024-08-08,Day 1146,SAUCY
2024-08-09,Day 1147,OUNCE
2024-08-10,Day 1148,MEDIC
2024-08-11,Day 1149,SCONE
2024-08-12,Day 1150,SKIFF
2024-08-13,Day 1151,NEIGH
2024-08-14,Day 1152,SHORE
2024-08-15,Day 1153,ACORN
2024-08-16,Day 1154,BRACE
2024-08-17,Day 1155,STORM
2024-08-18,Day 1156,LANKY
2024-08-19,Day 1157,METER
2024-08-20,Day 1158,DELAY
2024-08-21,Day 1159,MULCH
2024-08-22,Day 1160,BRUTE
2024-08-23,Day 1161,LEECH
2024-08-24,Day 1162,FILET
2024-08-25,Day 1163,SKATE
2024-08-26,Day 1164,STAKE
2024-08-27,Day 1165,CROWN
2024-08-28,Day 1166,LITHE
2024-08-29,Day 1167,FLUNK
2024-08-30,Day 1168,KNAVE
2024-08-31,Day 1169,SPOUT
2024-09-01,Day 1170,MUSHY
2024-09-02,Day 1171,CAMEL
2024-09-03,Day 1172,FAINT
2024-09-04,Day 1173,STERN
2024-09-05,Day 1174,WIDEN
2024-09-06,Day 1175,RERUN
2024-09-07,Day 1176,OWNER
2024-09-08,Day 1177,DRAWN
2024-09-09,Day 1178,DEBIT
2024-09-10,Day 1179,REBEL
2024-09-11,Day 1180,AISLE
2024-09-12,Day 1181,BRASS
2024-09-13,Day 1182,HARSH
2024-09-14,Day 1183,BROAD
2024-09-15,Day 1184,RECUR
2024-09-16,Day 1185,HONEY
2024-09-17,Day 1186,BEAUT
2024-09-18,Day 1187,FULLY
2024-09-19,Day 1188,PRESS
2024-09-20,Day 1189,SMOKE
2024-09-21,Day 1190,SEVEN
2024-09-22,Day 1191,TEACH
2024-09-23,Day 1192,STEAM
2024-09-24,Day 1193,HANDY
2024-09-25,Day 1194,TORCH
2024-09-26,Day 1195,THANK
2024-09-27,Day 1196,FAITH
2024-09-28,Day 1197,BRAIN
2024-09-29,Day 1198,RIDER
2024-09-30,Day 1199,CLOUD
2024-10-01,Day 1200,MODEM
2024-10-02,Day 1201,SHELL
2024-10-03,Day 1202,WAGON
2024-10-04,Day 1203,TITLE
2024-10-05,Day 1204,MINER
2024-10-06,Day 1205,LAGER
2024-10-07,Day 1206,FLOUR
2024-10-08,Day 1207,JOINT
2024-10-09,Day 1208,MOMMY
2024-10-10,Day 1209,CARVE
2024-10-11,Day 1210,GUSTY
2024-10-12,Day 1211,STAIN
2024-10-13,Day 1212,PRONE
2024-10-14,Day 1213,GAMUT
2024-10-15,Day 1214,CORER
2024-10-16,Day 1215,GRANT
2024-10-17,Day 1216,HALVE
2024-10-18,Day 1217,STINT
2024-10-19,Day 1218,FIBER
2024-10-20,Day 1219,DICEY
2024-10-21,Day 1220,SPOON
2024-10-22,Day 1221,SHOUT
2024-10-23,Day 1222,GOOFY
2024-10-24,Day 1223,BOSSY
2024-10-25,Day 1224,FROWN
2024-10-26,Day 1225,WREAK
2024-10-27,Day 1226,SANDY
2024-10-28,Day 1227,BAWDY
2024-10-29,Day 1228,TUNIC
2024-10-30,Day 1229,EASEL
2024-10-31,Day 1230,WEIRD
2024-11-01,Day 1231,SIXTH
2024-11-02,Day 1232,SNOOP
2024-11-03,Day 1233,BLAZE
2024-11-04,Day 1234,VINYL
2024-11-05,Day 1235,OCTET
2024-11-06,Day 1236,TRULY
2024-11-07,Day 1237,EVENT
2024-11-08,Day 1238,READY
2024-11-09,Day 1239,SWELL
2024-11-10,Day 1240,INNER
2024-11-11,Day 1241,STOIC
2024-11-12,Day 1242,FLOWN
2024-11-13,Day 1243,PRIMP
2024-11-14,Day 1244,UVULA
2024-11-15,Day 1245,TACKY
2024-11-16,Day 1246,VISOR
2024-11-17,Day 1247,TALLY
2024-11-18,Day 1248,FRAIL
2024-11-19,Day 1249,GOING
2024-11-20,Day 1250,NICHE
2024-11-21,Day 1251,SPINE
2024-11-22,Day 1252,PEARL
2024-11-23,Day 1253,JELLY
2024-11-24,Day 1254,TWIST
2024-11-25,Day 1255,BROWN
2024-11-26,Day 1256,WITCH
2024-11-27,Day 1257,SLANG
2024-11-28,Day 1258,CHOCK
2024-11-29,Day 1259,HIPPO
2024-11-30,Day 1260,DOGMA
2024-12-01,Day 1261,MAUVE
2024-12-02,Day 1262,GUILE
2024-12-03,Day 1263,SHAKY
2024-12-04,Day 1264,CRYPT
2024-12-05,Day 1265,ENDOW
2024-12-06,Day 1266,SHOVE
2024-12-07,Day 1267,HILLY
2024-12-08,Day 1268,HYENA
2024-12-09,Day 1269,FLUNG
2024-12-10,Day 1270,PATIO
2024-12-11,Day 1271,PLUMB
2024-12-12,Day 1272,VYING
2024-12-13,Day 1273,BOXER
2024-12-14,Day 1274,DROOL
2024-12-15,Day 1275,FUNKY
2024-12-16,Day 1276,BOAST
2024-12-17,Day 1277,SCOWL
2024-12-18,Day 1278,HEFTY
2024-12-19,Day 1279,STRAY
2024-12-20,Day 1280,FLASH
2024-12-21,Day 1281,BLADE
2024-12-22,Day 1282,BRAWN
2024-12-23,Day 1283,SAUNA
2024-12-24,Day 1284,EAGLE
2024-12-25,Day 1285,SHARE
2024-12-26,Day 1286,AFFIX
2024-12-27,Day 1287,GRAIN
2024-12-28,Day 1288,DECRY
2024-12-29,Day 1289,MAMBO
2024-12-30,Day 1290,STARE
2024-12-31,Day 1291,LEMUR
2025-01-01,Day 1292,NERVE
2025-01-02,Day 1293,CHOSE
2025-01-03,Day 1294,CHEAP
2025-01-04,Day 1295,RELAX
2025-01-05,Day 1296,CYBER
2025-01-06,Day 1297,SPRIG
2025-01-07,Day 1298,ATLAS
2025-01-08,Day 1299,DRAFT
2025-01-09,Day 1300,WAFER
2025-01-10,Day 1301,CRAWL
2025-01-11,Day 1302,DINGY
2025-01-12,Day 1303,TOTAL
2025-01-13,Day 1304,CLOAK
2025-01-14,Day 1305,FANCY
2025-01-15,Day 1306,KNACK
2025-01-16,Day 1307,FLINT
2025-01-17,Day 1308,PROSE
2025-01-18,Day 1309,SILLY
2025-01-19,Day 1310,ROWER
2025-01-20,Day 1311,SQUID
2025-01-21,Day 1312,ICING
2025-01-22,Day 1313,REACH
2025-01-23,Day 1314,UPPER
2025-01-24,Day 1315,CREPE
2025-01-25,Day 1316,CRISP
2025-01-26,Day 1317,SUNNY
2025-01-27,Day 1318,SHUNT
2025-01-28,Day 1319,FEVER
2025-01-29,Day 1320,UDDER
2025-01-30,Day 1321,FALSE
2025-01-31,Day 1322,TOAST
2025-02-01,Day 1323,RIVET
2025-02-02,Day 1324,CHORE
2025-02-03,Day 1325,REVUE
2025-02-04,Day 1326,TOOTH
2025-02-05,Day 1327,PEDAL
2025-02-06,Day 1328,PUPIL
2025-02-07,Day 1329,SWATH
2025-02-08,Day 1330,STEEP
2025-02-09,Day 1331,BONUS
2025-02-10,Day 1332,GOODY
2025-02-11,Day 1333,SCORE
2025-02-12,Day 1334,RAPID
2025-02-13,Day 1335,RUMBA
2025-02-14,Day 1336,DITTY
2025-02-15,Day 1337,CROOK
2025-02-16,Day 1338,SUAVE
2025-02-17,Day 1339,TRAIL
2025-02-18,Day 1340,INDIE
2025-02-19,Day 1341,MADLY
2025-02-20,Day 1342,ROACH
2025-02-21,Day 1343,CLOVE
2025-02-22,Day 1344,CREAM
2025-02-23,Day 1345,OTTER
2025-02-24,Day 1346,GLAND
2025-02-25,Day 1347,DRYER
2025-02-26,Day 1348,AWARD
2025-02-27,Day 1349,LODGE
2025-02-28,Day 1350,FUZZY
2025-03-01,Day 1351,HOVER
2025-03-02,Day 1352,DEITY
2025-03-03,Day 1353,SPEAR
2025-03-04,Day 1354,CHECK
2025-03-05,Day 1355,SCRUM
2025-03-06,Day 1356,ALERT
2025-03-07,Day 1357,TROOP
2025-03-08,Day 1358,NAVEL
2025-03-09,Day 1359,GREED
2025-03-10,Day 1360,SPITE
2025-03-11,Day 1361,TRACK
2025-03-12,Day 1362,MANGO
2025-03-13,Day 1363,CHASE
2025-03-14,Day 1364,PIECE
2025-03-15,Day 1365,LADLE
2025-03-16,Day 1366,STAMP
2025-03-17,Day 1367,LASSO
2025-03-18,Day 1368,TIMER
2025-03-19,Day 1369,SPARK
2025-03-20,Day 1370,BASTE
2025-03-21,Day 1371,NUDGE
2025-03-22,Day 1372,AMBLE
2025-03-23,Day 1373,DOPEY
2025-03-24,Day 1374,ANGLE
2025-03-25,Day 1375,SHELF
2025-03-26,Day 1376,ELBOW
2025-03-27,Day 1377,SHEET
2025-03-28,Day 1378,VERSE
2025-03-29,Day 1379,SORRY
2025-03-30,Day 1380,QUOTA
2025-03-31,Day 1381,BOOTY
2025-04-01,Day 1382,JEWEL
2025-04-02,Day 1383,CURSE
2025-04-03,Day 1384,SHEAR
2025-04-04,Day 1385,KRILL
2025-04-05,Day 1386,FOAMY
2025-04-06,Day 1387,VILLA
2025-04-07,Day 1388,HAZEL
2025-04-08,Day 1389,SPARE
2025-04-09,Day 1390,WHEAT
2025-04-10,Day 1391,TURBO
2025-04-11,Day 1392,ARROW
2025-04-12,Day 1393,NURSE
2025-04-13,Day 1394,LAUGH
2025-04-14,Day 1395,CREST
2025-04-15,Day 1396,ASHEN
2025-04-16,Day 1397,MORAL
2025-04-17,Day 1398,STOOD
2025-04-18,Day 1399,DIRGE
2025-04-19,Day 1400,INBOX
2025-04-20,Day 1401,PATCH
2025-04-21,Day 1402,SPATE
2025-04-22,Day 1403,ARTSY
2025-04-23,Day 1404,OZONE
2025-04-24,Day 1405,GENIE
2025-04-25,Day 1406,KNOWN
2025-04-26,Day 1407,CLASH
2025-04-27,Day 1408,WEEDY
2025-04-28,Day 1409,DUMMY
2025-04-29,Day 1410,BLISS
2025-04-30,Day 1411,IDLER
2025-05-01,Day 1412,ADEPT
2025-05-02,Day 1413,WHOSE
2025-05-03,Day 1414,PATSY
2025-05-04,Day 1415,TROUT
2025-05-05,Day 1416,SHUSH
2025-05-06,Day 1417,SUITE
2025-05-07,Day 1418,MACHO
2025-05-08,Day 1419,BALMY
2025-05-09,Day 1420,TRIPE
2025-05-10,Day 1421,YEAST
2025-05-11,Day 1422,DOWEL
2025-05-12,Day 1423,BICEP
2025-05-13,Day 1424,AWARE
2025-05-14,Day 1425,BONGO
2025-05-15,Day 1426,EAGER
2025-05-16,Day 1427,FIFTH
2025-05-17,Day 1428,GROWN
2025-05-18,Day 1429,LIVID
2025-05-19,Day 1430,PITCH
2025-05-20,Day 1431,BORNE
2025-05-21,Day 1432,ALARM
2025-05-22,Day 1433,FOLIO
2025-05-23,Day 1434,SHUCK
2025-05-24,Day 1435,SUEDE
2025-05-25,Day 1436,GRIFT
2025-05-26,Day 1437,DRONE
2025-05-27,Day 1438,SPORT
2025-05-28,Day 1439,POLAR
2025-05-29,Day 1440,QUASH
2025-05-30,Day 1441,IDIOM
2025-05-31,Day 1442,HABIT
2025-06-01,Day 1443,ROUGH
2025-06-02,Day 1444,PREEN
2025-06-03,Day 1445,ADMIN
2025-06-04,Day 1446,CEASE
2025-06-05,Day 1447,DATUM
2025-06-06,Day 1448,EDIFY
2025-06-07,Day 1449,REUSE
2025-06-08,Day 1450,LEASE
2025-06-09,Day 1451,BOARD
2025-06-10,Day 1452,TAFFY
2025-06-11,Day 1453,PLAID
2025-06-12,Day 1454,VIXEN
2025-06-13,Day 1455,BILGE
2025-06-14,Day 1456,GHOST
2025-06-15,Day 1457,QUAIL
2025-06-16,Day 1458,PETTY
2025-06-17,Day 1459,PRANK
2025-06-18,Day 1460,MUNCH