date,id,word
2021-06-16,Day 1,CIGAR
2021-06-17,Day 2,REBUT
2021-06-18,Day 3,SISSY
2021-06-19,Day 4,HUMPH
2021-06-20,Day 5,AWAKE
2021-06-21,Day 6,BLUSH
2021-06-22,Day 7,FOCAL
2021-06-23,Day 8,EVADE
2021-06-24,Day 9,NAVAL
2021-06-25,Day 10,SERVE
2021-06-26,Day 11,HEATH
2021-06-27,Day 12,DWARF
2021-06-28,Day 13,MODEL
2021-06-29,Day 14,KARMA
2021-06-30,Day 15,STINK
2021-07-01,Day 16,GRADE
2021-07-02,Day 17,QUIET
2021-07-03,Day 18,BENCH
2021-07-04,Day 19,ABATE
2021-07-05,Day 20,FEIGN
2021-07-06,Day 21,MAJOR
2021-07-07,Day 22,DEATH
2021-07-08,Day 23,FRESH
2021-07-09,Day 24,CRUST
2021-07-10,Day 25,STOOL
2021-07-11,Day 26,COLON
2021-07-12,Day 27,ABASE
2021-07-13,Day 28,MARRY
2021-07-14,Day 29,REACT
2021-07-15,Day 30,BATTY
2021-07-16,Day 31,PRIDE
2021-07-17,Day 32,FLOSS
2021-07-18,Day 33,HELIX
2021-07-19,Day 34,CROAK
2021-07-20,Day 35,STAFF
2021-07-21,Day 36,PAPER
2021-07-22,Day 37,UNFED
2021-07-23,Day 38,WHELP
2021-07-24,Day 39,TRAWL
2021-07-25,Day 40,OUTDO
2021-07-26,Day 41,ADOBE
2021-07-27,Day 42,CRAZY
2021-07-28,Day 43,SOWER
2021-07-29,Day 44,REPAY
2021-07-30,Day 45,DIGIT
2021-07-31,Day 46,CRATE
2021-08-01,Day 47,CLUCK
2021-08-02,Day 48,SPIKE
2021-08-03,Day 49,MIMIC
2021-08-04,Day 50,POUND
2021-08-05,Day 51,MAXIM
2021-08-06,Day 52,LINEN
2021-08-07,Day 53,UNMET
2021-08-08,Day 54,FLESH
2021-08-09,Day 55,BOOBY
2021-08-10,Day 56,FORTH
2021-08-11,Day 57,FIRST
2021-08-12,Day 58,STAND
2021-08-13,Day 59,BELLY
2021-08-14,Day 60,IVORY
2021-08-15,Day 61,SEEDY
2021-08-16,Day 62,PRINT
2021-08-17,Day 63,YEARN
2021-08-18,Day 64,DRAIN
2021-08-19,Day 65,BRIBE
2021-08-20,Day 66,STOUT
2021-08-21,Day 67,PANEL
2021-08-22,Day 68,CRASS
2021-08-23,Day 69,FLUME
2021-08-24,Day 70,OFFAL
2021-08-25,Day 71,AGREE
2021-08-26,Day 72,ERROR
2021-08-27,Day 73,SWIRL
2021-08-28,Day 74,ARGUE
2021-08-29,Day 75,BLEED
2021-08-30,Day 76,DELTA
2021-08-31,Day 77,FLICK
2021-09-01,Day 78,TOTEM
2021-09-02,Day 79,WOOER
2021-09-03,Day 80,FRONT
2021-09-04,Day 81,SHRUB
2021-09-05,Day 82,PARRY
2021-09-06,Day 83,BIOME
2021-09-07,Day 84,LAPEL
2021-09-08,Day 85,START
2021-09-09,Day 86,GREET
2021-09-10,Day 87,GONER
2021-09-11,Day 88,GOLEM
2021-09-12,Day 89,LUSTY
2021-09-13,Day 90,LOOPY
2021-09-14,Day 91,ROUND
2021-09-15,Day 92,AUDIT
2021-09-16,Day 93,LYING
2021-09-17,Day 94,GAMMA
2021-09-18,Day 95,LABOR
2021-09-19,Day 96,ISLET
2021-09-20,Day 97,CIVIC
2021-09-21,Day 98,FORGE
2021-09-22,Day 99,CORNY
2021-09-23,Day 100,MOULT
2021-09-24,Day 101,BASIC
2021-09-25,Day 102,SALAD
2021-09-26,Day 103,AGATE
2021-09-27,Day 104,SPICY
2021-09-28,Day 105,SPRAY
2021-09-29,Day 106,ESSAY
2021-09-30,Day 107,FJORD
2021-10-01,Day 108,SPEND
2021-10-02,Day 109,KEBAB
2021-10-03,Day 110,GUILD
2021-10-04,Day 111,ABACK
2021-10-05,Day 112,MOTOR
2021-10-06,Day 113,ALONE
2021-10-07,Day 114,HATCH
2021-10-08,Day 115,HYPER
2021-10-09,Day 116,THUMB
2021-10-10,Day 117,DOWRY
2021-10-11,Day 118,OUGHT
2021-10-12,Day 119,BELCH
2021-10-13,Day 120,DUTCH
2021-10-14,Day 121,PILOT
2021-10-15,Day 122,TWEED
2021-10-16,Day 123,COMET
2021-10-17,Day 124,JAUNT
2021-10-18,Day 125,ENEMA
2021-10-19,Day 126,STEED
2021-10-20,Day 127,ABYSS
2021-10-21,Day 128,GROWL
2021-10-22,Day 129,FLING
2021-10-23,Day 130,DOZEN
2021-10-24,Day 131,BOOZY
2021-10-25,Day 132,ERODE
2021-10-26,Day 133,WORLD
2021-10-27,Day 134,GOUGE
2021-10-28,Day 135,CLICK
2021-10-29,Day 136,BRIAR
2021-10-30,Day 137,GREAT
2021-10-31,Day 138,ALTAR
2021-11-01,Day 139,PULPY
2021-11-02,Day 140,BLURT
2021-11-03,Day 141,COAST
2021-11-04,Day 142,DUCHY
2021-11-05,Day 143,GROIN
2021-11-06,Day 144,FIXER
2021-11-07,Day 145,GROUP
2021-11-08,Day 146,ROGUE
2021-11-09,Day 147,BADLY
2021-11-10,Day 148,SMART
2021-11-11,Day 149,PITHY
2021-11-12,Day 150,GAUDY
2021-11-13,Day 151,CHILL
2021-11-14,Day 152,HERON
2021-11-15,Day 153,VODKA
2021-11-16,Day 154,FINER
2021-11-17,Day 155,SURER
2021-11-18,Day 156,RADIO
2021-11-19,Day 157,ROUGE
2021-11-20,Day 158,PERCH
2021-11-21,Day 159,RETCH
2021-11-22,Day 160,WROTE
2021-11-23,Day 161,CLOCK
2021-11-24,Day 162,TILDE
2021-11-25,Day 163,STORE
2021-11-26,Day 164,PROVE
2021-11-27,Day 165,BRING
2021-11-28,Day 166,SOLVE
2021-11-29,Day 167,CHEAT
2021-11-30,Day 168,GRIME
2021-12-01,Day 169,EXULT
2021-12-02,Day 170,USHER
2021-12-03,Day 171,EPOCH
2021-12-04,Day 172,TRIAD
2021-12-05,Day 173,BREAK
2021-12-06,Day 174,RHINO
2021-12-07,Day 175,VIRAL
2021-12-08,Day 176,CONIC
2021-12-09,Day 177,MASSE
2021-12-10,Day 178,SONIC
2021-12-11,Day 179,VITAL
2021-12-12,Day 180,TRACE
2021-12-13,Day 181,USING
2021-12-14,Day 182,PEACH
2021-12-15,Day 183,CHAMP
2021-12-16,Day 184,BATON
2021-12-17,Day 185,BRAKE
2021-12-18,Day 186,PLUCK
2021-12-19,Day 187,CRAZE
2021-12-20,Day 188,GRIPE
2021-12-21,Day 189,WEARY
2021-12-22,Day 190,PICKY
2021-12-23,Day 191,ACUTE
2021-12-24,Day 192,FERRY
2021-12-25,Day 193,ASIDE
2021-12-26,Day 194,TAPIR
2021-12-27,Day 195,TROLL
2021-12-28,Day 196,UNIFY
2021-12-29,Day 197,REBUS
2021-12-30,Day 198,BOOST
2021-12-31,Day 199,TRUSS
2022-01-01,Day 200,SIEGE
2022-01-02,Day 201,TIGER
2022-01-03,Day 202,BANAL
2022-01-04,Day 203,SLUMP
2022-01-05,Day 204,CRANK
2022-01-06,Day 205,GORGE
2022-01-07,Day 206,QUERY
2022-01-08,Day 207,DRINK
2022-01-09,Day 208,FAVOR
2022-01-10,Day 209,ABBEY
2022-01-11,Day 210,TANGY
2022-01-12,Day 211,PANIC
2022-01-13,Day 212,SOLAR
2022-01-14,Day 213,SHIRE
2022-01-15,Day 214,PROXY
2022-01-16,Day 215,POINT
2022-01-17,Day 216,ROBOT
2022-01-18,Day 217,PRICK
2022-01-19,Day 218,WINCE
2022-01-20,Day 219,CRIMP
2022-01-21,Day 220,KNOLL
2022-01-22,Day 221,SUGAR
2022-01-23,Day 222,WHACK
2022-01-24,Day 223,MOUNT
2022-01-25,Day 224,PERKY
2022-01-26,Day 225,COULD
2022-01-27,Day 226,WRUNG
2022-01-28,Day 227,LIGHT
2022-01-29,Day 228,THOSE
2022-01-30,Day 229,MOIST
2022-01-31,Day 230,SHARD
2022-02-01,Day 231,PLEAT
2022-02-02,Day 232,ALOFT
2022-02-03,Day 233,SKILL
2022-02-04,Day 234,ELDER
2022-02-05,Day 235,FRAME
2022-02-06,Day 236,HUMOR
2022-02-07,Day 237,PAUSE
2022-02-08,Day 238,ULCER
2022-02-09,Day 239,ULTRA
2022-02-10,Day 240,ROBIN
2022-02-11,Day 241,CYNIC
2022-02-12,Day 242,AROMA
2022-02-13,Day 243,CAULK
2022-02-14,Day 244,SHAKE
2022-02-15,Day 245,DODGE
2022-02-16,Day 246,SWILL
2022-02-17,Day 247,TACIT
2022-02-18,Day 248,OTHER
2022-02-19,Day 249,THORN
2022-02-20,Day 250,TROVE
2022-02-21,Day 251,BLOKE
2022-02-22,Day 252,VIVID
2022-02-23,Day 253,SPILL
2022-02-24,Day 254,CHANT
2022-02-25,Day 255,CHOKE
2022-02-26,Day 256,RUPEE
2022-02-27,Day 257,NASTY
2022-02-28,Day 258,MOURN
2022-03-01,Day 259,AHEAD
2022-03-02,Day 260,BRINE
2022-03-03,Day 261,CLOTH
2022-03-04,Day 262,HOARD
2022-03-05,Day 263,SWEET
2022-03-06,Day 264,MONTH
2022-03-07,Day 265,LAPSE
2022-03-08,Day 266,WATCH
2022-03-09,Day 267,TODAY
2022-03-10,Day 268,FOCUS
2022-03-11,Day 269,SMELT
2022-03-12,Day 270,TEASE
2022-03-13,Day 271,CATER
2022-03-14,Day 272,MOVIE
2022-03-15,Day 273,SAUTE
2022-03-16,Day 274,ALLOW
2022-03-17,Day 275,RENEW
2022-03-18,Day 276,THEIR
2022-03-19,Day 277,SLOSH
2022-03-20,Day 278,PURGE
2022-03-21,Day 279,CHEST
2022-03-22,Day 280,DEPOT
2022-03-23,Day 281,EPOXY
2022-03-24,Day 282,NYMPH
2022-03-25,Day 283,FOUND
2022-03-26,Day 284,SHALL
2022-03-27,Day 285,HARRY
2022-03-28,Day 286,STOVE
2022-03-29,Day 287,LOWLY
2022-03-30,Day 288,SNOUT
2022-03-31,Day 289,TROPE
2022-04-01,Day 290,FEWER
2022-04-02,Day 291,SHAWL
2022-04-03,Day 292,NATAL
2022-04-04,Day 293,COMMA
2022-04-05,Day 294,FORAY
2022-04-06,Day 295,SCARE
2022-04-07,Day 296,STAIR
2022-04-08,Day 297,BLACK
2022-04-09,Day 298,SQUAD
2022-04-10,Day 299,ROYAL
2022-04-11,Day 300,CHUNK
2022-04-12,Day 301,MINCE
2022-04-13,Day 302,SHAME
2022-04-14,Day 303,CHEEK
2022-04-15,Day 304,AMPLE
2022-04-16,Day 305,FLAIR
2022-04-17,Day 306,FOYER
2022-04-18,Day 307,CARGO
2022-04-19,Day 308,OXIDE
2022-04-20,Day 309,PLANT
2022-04-21,Day 310,OLIVE
2022-04-22,Day 311,INERT
2022-04-23,Day 312,ASKEW
2022-04-24,Day 313,HEIST
2022-04-25,Day 314,SHOWN
2022-04-26,Day 315,ZESTY
2022-04-27,Day 316,HASTY
2022-04-28,Day 317,TRASH
2022-04-29,Day 318,FELLA
2022-04-30,Day 319,LARVA
2022-05-01,Day 320,FORGO
2022-05-02,Day 321,STORY
2022-05-03,Day 322,HAIRY
2022-05-04,Day 323,TRAIN
2022-05-05,Day 324,HOMER
2022-05-06,Day 325,BADGE
2022-05-07,Day 326,MIDST
2022-05-08,Day 327,CANNY
2022-05-09,Day 328,FETUS
2022-05-10,Day 329,BUTCH
2022-05-11,Day 330,FARCE
2022-05-12,Day 331,SLUNG
2022-05-13,Day 332,TIPSY
2022-05-14,Day 333,METAL
2022-05-15,Day 334,YIELD
2022-05-16,Day 335,DELVE
2022-05-17,Day 336,BEING
2022-05-18,Day 337,SCOUR
2022-05-19,Day 338,GLASS
2022-05-20,Day 339,GAMER
2022-05-21,Day 340,SCRAP
2022-05-22,Day 341,MONEY
2022-05-23,Day 342,HINGE
2022-05-24,Day 343,ALBUM
2022-05-25,Day 344,VOUCH
2022-05-26,Day 345,ASSET
2022-05-27,Day 346,TIARA
2022-05-28,Day 347,CREPT
2022-05-29,Day 348,BAYOU
2022-05-30,Day 349,ATOLL
2022-05-31,Day 350,MANOR
2022-06-01,Day 351,CREAK
2022-06-02,Day 352,SHOWY
2022-06-03,Day 353,PHASE
2022-06-04,Day 354,FROTH
2022-06-05,Day 355,DEPTH
2022-06-06,Day 356,GLOOM
2022-06-07,Day 357,FLOOD
2022-06-08,Day 358,TRAIT
2022-06-09,Day 359,GIRTH
2022-06-10,Day 360,PIETY
2022-06-11,Day 361,GOOSE
2022-06-12,Day 362,FLOAT
2022-06-13,Day 363,DONOR
2022-06-14,Day 364,ATONE
2022-06-15,Day 365,PRIMO
2022-06-16,Day 366,APRON
2022-06-17,Day 367,BLOWN
2022-06-18,Day 368,CACAO
2022-06-19,Day 369,LOSER
2022-06-20,Day 370,INPUT
2022-06-21,Day 371,GLOAT
2022-06-22,Day 372,AWFUL
2022-06-23,Day 373,BRINK
2022-06-24,Day 374,SMITE
2022-06-25,Day 375,BEADY
2022-06-26,Day 376,RUSTY
2022-06-27,Day 377,RETRO
2022-06-28,Day 378,DROLL
2022-06-29,Day 379,GAWKY
2022-06-30,Day 380,HUTCH
2022-07-01,Day 381,PINTO
2022-07-02,Day 382,EGRET
2022-07-03,Day 383,LILAC
2022-07-04,Day 384,SEVER
2022-07-05,Day 385,FIELD
2022-07-06,Day 386,FLUFF
2022-07-07,Day 387,AGAPE
2022-07-08,Day 388,VOICE
2022-07-09,Day 389,STEAD
2022-07-10,Day 390,BERTH
2022-07-11,Day 391,MADAM
2022-07-12,Day 392,NIGHT
2022-07-13,Day 393,BLAND
2022-07-14,Day 394,LIVER
2022-07-15,Day 395,WEDGE
2022-07-16,Day 396,ROOMY
2022-07-17,Day 397,WACKY
2022-07-18,Day 398,FLOCK
2022-07-19,Day 399,ANGRY
2022-07-20,Day 400,TRITE
2022-07-21,Day 401,APHID
2022-07-22,Day 402,TRYST
2022-07-23,Day 403,MIDGE
2022-07-24,Day 404,POWER
2022-07-25,Day 405,ELOPE
2022-07-26,Day 406,CINCH
2022-07-27,Day 407,MOTTO
2022-07-28,Day 408,STOMP
2022-07-29,Day 409,UPSET
2022-07-30,Day 410,BLUFF
2022-07-31,Day 411,CRAMP
2022-08-01,Day 412,QUART
2022-08-02,Day 413,COYLY
2022-08-03,Day 414,YOUTH
2022-08-04,Day 415,RHYME
2022-08-05,Day 416,BUGGY
2022-08-06,Day 417,ALIEN
2022-08-07,Day 418,SMEAR
2022-08-08,Day 419,UNFIT
2022-08-09,Day 420,PATTY